"HDI Rank","Country","1990","1991","1992","1993","1994","1995","1996","1997","1998","1999","2000","2001","2002","2003","2004","2005","2006","2007","2008","2009","2010","2011","2012","2013","2014","2015"
"169"," Afghanistan","2071.3","1740.8","1645.8","1145.0","831.5","1179.7","1072.3","985.7","916.6","848.3","774.9","701.5","1103.5","1140.9","1121.7","1187.6","1261.5","1557.3","1420.0","1623.2","1629.8","1720.5","1850.2","1912.5","1895.2","1870.8"
"75"," Albania","4213.7","2984.2","2737.7","3146.3","3503.6","4074.8","4481.9","3994.2","4370.3","4911.7","5262.0","5686.1","5890.0","6256.6","6616.2","7021.7","7546.3","8087.1","8627.1","8844.3","9282.8","9613.5","9722.2","9931.9","10006.9","10252.5"
"83"," Algeria","9895.4","9404.4","9388.9","9083.1","8774.5","8825.4","9071.1","9041.0","9400.3","9515.2","9776.3","10081.0","10408.7","11046.4","11313.9","11778.9","11890.5","12420.3","12589.3","12561.1","12875.3","12903.3","13060.4","13070.0","13269.9","13533.0"
"32"," Andorra","41332.1","40766.8","39587.9","37831.4","37680.5","38024.0","39521.6","43202.0","44763.0","46399.6","46051.9","49671.5","50164.4","50876.6","52784.0","54740.4","55947.4","55274.9","49544.8","46252.3","43357.3","42540.0","43854.4","45076.6","47645.9 o","47979.5 o"
"150"," Angola","4358.8","4177.2","3765.3","2743.2","2749.0","2943.2","3179.7","3337.1","3467.3","3478.1","3474.2","3503.5","3149.7","3199.4","3423.6","3909.3","4559.8","5402.9","5945.3","5887.7","5887.5","5916.8","6018.0","6219.0","6308.1","6290.9"
"62"," Antigua and Barbuda","15620.2","16492.9","16568.7","17423.5","18062.9","16802.4","16956.6","18175.5","18611.5","18796.1","18221.5","17799.0","17711.0","18665.0","19371.9","20511.6","23027.4","24945.3","24569.0","21445.8","19997.0","19289.7","19705.4","19772.9","20421.4","20907.2"
"45"," Argentina","10605.3","11711.3","12902.7","13718.6","14306.9","13674.2","14226.0","15186.4","15537.3","14821.1","14538.3","13712.7","11543.8","12570.5","13602.3","14975.5","16218.9","17425.0","17766.5","17503.4","18944.6","20366.0","20341.0","20781.0","20663.9","20945.1 sss"
"84"," Armenia","3687.6","3279.6","1940.3","1812.3","1954.8","2130.9","2298.7","2401.6","2575.5","2672.1","2835.8","3157.8","3635.3","4134.9","4773.4","5439.4","6223.5","7088.7","7689.6","6486.4","6837.9","7045.0","7551.7","7818.1","8044.9","8189.1"
"2"," Australia","27836.4","27603.0","28730.5","29679.8","30102.0","30942.5","31881.7","33015.5","34312.1","35357.0","35687.0","36714.0","37406.7","38512.6","38904.4","39421.8","40011.9","40921.0","41113.6","40981.3","39819.5","40085.5","41255.2","41805.8","42160.2","42822.2"
"24"," Austria","31099.9","31800.2","32327.9","32254.9","32759.6","33272.4","34121.9","34689.6","35813.9","36925.5","38043.4","38305.0","39096.5","39310.7","40188.5","40790.8","42228.5","43385.9","44304.9","42151.3","43326.7","44171.5","44199.6","44164.8","43545.0","43608.8"
"78"," Azerbaijan","8741.0","8542.5","6506.8","4928.8","3905.0","3393.7","3396.2","3564.0","3910.6","4321.9","4491.7","4852.5","5225.1","5675.4","5975.2","7118.2","9402.0","11309.7","12986.9","14479.5","15122.9","14593.3","14670.0","15860.5","16432.6","16413.3"
"58"," Bahamas","22558.1","21244.7","20547.3","19922.8","20163.4","20772.4","21442.5","22564.1","23867.2","24810.9","25394.9","25554.6","25741.4","25025.0","24786.4","24957.1","25115.2","24948.9","24180.9","22520.3","22188.7","21987.1","22091.8","21684.5","21606.7","21565.1"
"47"," Bahrain","37400.0","37141.5","41209.1","43400.1","41197.2","42143.1","42526.6","40985.3","41972.3","42338.6","44042.0","42822.9","41566.5","42536.0","42928.3","43510.8","42911.4","42897.6","40988.3","36393.1","37038.5","34534.2","35340.3","36783.3","36584.2","37236.4"
"139"," Bangladesh","1285.9","1300.7","1332.5","1367.2","1398.2","1434.9","1468.4","1518.9","1565.6","1612.0","1678.7","1731.1","1793.9","1872.3","1953.5","2036.4","2153.7","2294.8","2434.6","2534.6","2651.7","2783.6","2943.2","3071.2","3178.5","3341.5"
"54"," Barbados","13209.5","12687.0","11795.1","11759.8","12169.7","12310.7","12740.3","13362.4","12882.4","12867.2","13967.9","13500.7","13503.6","13787.4","13881.9","14368.0","14937.8","15283.7","15013.2","14688.2","14956.5","14952.7","14925.9","14901.3","14876.5","14951.6"
"52"," Belarus","8082.0","7962.9","7199.4","6670.3","5895.1","5300.1","5473.1","6104.4","6652.5","6923.5","7326.1","7725.2","8174.8","8836.5","9881.7","10900.0","11991.1","12990.3","14309.2","14222.1","15369.4","16413.7","16418.1","16307.9","16671.2","15629.4"
"22"," Belgium","30456.9","31030.4","31374.8","31249.7","32384.8","32972.0","33461.2","34681.9","35313.5","36463.4","37765.8","37655.2","38071.6","38208.0","39145.0","39645.2","40439.7","41510.9","41955.9","39829.5","41905.8","41213.6","41551.9","41006.1","41194.6","41243.3"
"103"," Belize","5404.4","5447.0","5683.0","5578.9","5871.3","5962.2","5499.3","5514.8","5274.2","5699.8","6424.1","6425.4","6603.5","6967.5","6950.1","7032.7","7187.8","6971.0","6991.6","7280.5","7136.6","7336.8","7367.8","7323.6","7392.0","7374.8"
"167"," Benin","1374.1","1388.2","1349.1","1401.4","1373.0","1464.2","1481.9","1531.1","1558.8","1593.5","1637.8","1670.8","1685.2","1683.7","1703.9","1686.6","1695.2","1747.1","1773.3","1753.9","1745.9","1749.4","1778.8","1852.1","1924.5","1979.3"
"132"," Bhutan","2105.7","2056.3","2092.9","2201.3","2445.7","2482.0","2663.4","2856.4","2715.7","2881.9","3592.6","3778.6","4001.8","4152.2","4271.5","4496.0","4738.9","5413.3","5487.6","5670.2","6124.5","6452.0","6566.7","6708.5","6946.3","7081.5"
"118"," Bolivia (Plurinational State of)","3536.0","3673.8","3681.0","3758.3","3880.4","3980.7","4073.0","4216.6","4367.9","4283.0","4293.8","4289.5","4316.3","4303.1","4374.2","4548.7","4628.6","4891.5","5022.6","5071.5","5178.1","5327.4","5432.9","5703.9","6011.6","6154.9"
"81"," Bosnia and Herzegovina","1521.5","1407.0","1358.3","1380.0","1590.8","1981.6","3289.3","4618.3","6877.4","7256.4","7127.2","7191.4","7426.4","7605.5","7966.2","8196.9","8590.7","9122.8","9679.5","9433.3","9483.5","9498.0","9417.1","9701.9","9763.6","10090.8"
"108"," Botswana","7966.5","8476.6","8408.5","8413.3","8388.4","8591.2","8857.8","9558.1","9032.5","8490.9","9129.9","8388.4","9334.1","10003.5","10000.0","10562.3","11350.5","12184.7","12831.6","12015.4","12562.4","13536.6","13996.1","14627.1","14841.1","14662.8"
"79"," Brazil","10745.6","10111.6","10146.3","10404.1","10936.5","11237.6","11301.2","11454.8","11246.7","10986.3","11338.9","11233.1","11362.1","11362.6","11908.5","12116.9","12436.8","13041.4","13466.9","13323.1","14173.4","14580.1","14472.4","14582.0","14858.5","14145.1"
"30"," Brunei Darussalam","85279.8","85491.8","87049.6","84902.4","85225.0","86752.0","87053.9","83750.6","81408.2","82095.8","82715.6","83342.3","84978.6","85901.3","84843.5","83716.0","85910.9","85022.9","81885.1","79215.1","79019.6","79127.0","78887.6","77095.9","74225.8","72843.5"
"56"," Bulgaria","9513.8","8573.9","8797.8","8757.6","8997.6","9244.2","8339.0","8244.3","8898.8","8512.3","8916.9","9625.6","10506.2","11049.3","11834.6","12611.3","13238.3","13684.2","14998.3","14817.8","14860.6","14994.7","15344.9","15428.3","15994.5","16261.3"
"185"," Burkina Faso","856.1","908.8","885.5","889.2","870.8","898.6","977.1","1006.7","1050.3","1079.3","1067.2","1104.7","1122.5","1173.0","1193.0","1256.4","1304.9","1317.7","1351.9","1338.4","1462.0","1424.9","1459.7","1506.5","1498.8","1537.5"
"184"," Burundi","582.7","604.3","599.3","546.3","520.0","474.4","426.0","422.8","437.2","424.5","409.5","405.6","412.2","389.8","386.4","381.5","391.8","403.2","442.8","547.1","703.4","707.4","714.3","725.1","734.8","691.2"
"122"," Cabo Verde","1626.9","1611.6","1742.3","1842.8","2136.4","2374.8","2575.8","2790.3","3064.2","3331.1","3727.5","3737.3","3864.1","3962.1","4307.4","4554.3","4876.3","5580.9","5885.8","5782.3","5709.5","5907.0","5902.8","5889.4","5976.0","6049.1"
"143"," Cambodia","818.6","859.2","884.4","869.5","954.6","937.9","1096.4","1140.5","1037.2","1119.9","1173.8","1245.9","1285.8","1376.3","1490.6","1679.6","1843.2","2226.0","2340.1","2299.7","2397.5","2524.8","2647.2","2777.4","2924.3","3095.3"
"153"," Cameroon","2743.6","2513.6","2382.1","2233.3","2178.8","2216.7","2141.4","2183.6","2229.4","2259.4","2298.7","2365.2","2390.2","2489.7","2470.0","2439.2","2502.5","2503.5","2537.5","2535.5","2546.2","2584.7","2621.0","2686.9","2810.0","2894.3"
"10"," Canada","30173.6","29249.6","29063.6","29538.4","30490.5","31045.5","31296.6","32395.6","33340.8","34687.7","36408.1","36602.7","37379.1","37757.0","38671.2","39523.3","40305.8","40703.4","40692.6","39043.4","39919.0","40807.6","41068.5","41623.6","42297.6","42581.9"
"188"," Central African Republic","960.6","952.0","916.3","886.3","899.4","927.7","835.5","869.8","887.0","930.6","924.2","918.6","896.8","825.4","827.1","837.2","861.5","878.0","887.8","888.7","910.7","904.6","915.7","571.6","568.0","587.5"
"186"," Chad","968.0","982.0","975.9","901.8","942.5","927.4","913.2","1012.0","1057.7","1076.1","1006.2","990.3","612.1","815.5","891.1","830.7","780.7","1374.4","1313.1","1583.0","1859.0","1814.0","1912.7","1909.9","1968.4","1990.9"
"38"," Chile","8688.4","9245.7","10333.9","10971.4","11284.5","12397.9","13156.9","13853.7","14229.9","13845.2","14171.2","14497.3","14546.5","14448.4","14942.5","15606.5","15684.4","16490.6","17547.1","17308.0","18041.1","19142.0","20306.1","20988.8","21352.1","21665.5"
"90"," China","1486.6","1607.1","1809.7","2028.6","2276.0","2467.8","2691.7","2927.3","3121.9","3351.2","3615.4","3882.8","4225.1","4662.8","5123.9","5646.9","6363.4","7258.4","7944.3","8560.7","9392.8","10178.0","10981.0","11695.6","12547.7","13345.5"
"95"," Colombia","7154.4","7208.7","7432.6","7752.9","8220.8","8511.7","8512.8","8659.2","8616.1","8127.2","8170.3","8223.0","8323.3","8506.8","8773.3","9032.4","9489.8","10003.8","10195.1","10266.8","10494.0","10966.0","11369.1","11849.0","12310.1","12762.2"
"160"," Comoros","1555.3","1533.6","1569.6","1558.9","1428.7","1442.1","1680.5","1948.5","1774.9","1712.4","1430.9","1348.0","1208.2","1074.4","1133.0","1368.2","1436.7","1346.1","1289.7","1409.4","1343.2","1344.9","1352.0","1365.8","1361.0","1335.0"
"135"," Congo","4493.3","4609.0","4729.0","4452.5","3966.9","3210.2","3213.1","3674.5","4076.1","3491.9","3564.0","3648.8","3841.1","4151.2","3470.1","3734.3","3917.3","4026.3","4839.3","4377.1","4546.4","4508.1","4864.0","5001.8","5496.3","5502.6"
"176"," Congo (Democratic Republic of the)","1260.5","1110.5","952.0","814.3","706.8","675.1","648.0","658.9","636.7","594.9","545.0","514.7","519.1","534.9","548.7","577.2","572.8","583.8","595.6","596.5","568.5","583.6","604.3","616.1","649.9","679.6"
"66"," Costa Rica","7055.7","7103.8","7565.2","7923.5","8190.0","8253.6","8158.2","8379.5","8754.0","8485.0","8823.8","9107.9","9273.0","9670.1","9925.6","10386.7","11219.9","11988.0","12188.0","11843.2","12402.5","12885.4","13343.2","13596.5","13774.5","14006.4"
"45"," Croatia","14105.4","11192.0","9827.3","9130.2","9766.5","12478.9","13319.4","14390.7","14707.1","14464.7","15160.6","15788.2","16652.9","17268.1","18324.1","19032.9","19973.6","21103.0","21442.9","19934.6","19427.7","20008.0","19580.6","19616.0","19380.3","20291.3"
"68"," Cuba","4906.2","4359.4","3844.5","3251.4","3256.5","3298.7","3550.6","3636.8","3634.7","3843.6","4048.4","4183.5","4233.9","4380.4","4615.9","5134.9","5765.5","6150.2","6393.6","6422.0","6597.5","6820.6","7014.4","7194.7","7280.3","7455.1 ttt"
"33"," Cyprus","24141.7","23716.2","25155.4","24772.0","25615.5","25067.0","25134.5","25205.3","28498.1","26997.2","27376.1","28475.8","29697.8","30491.0","30874.0","31766.5","33178.1","34867.5","34885.1","33689.6","32668.9","33080.3","30711.7","28847.9","28625.8","29458.5"
"28"," Czech Republic","19964.8","17637.8","17539.1","17471.1","17971.4","18941.6","19659.6","19555.7","19494.9","19715.8","20606.4","21117.2","21330.8","22140.2","22903.4","24376.5","25573.3","26725.5","27214.1","25575.7","25973.9","26435.6","26534.3","26434.9","26875.6","28144.0"
"171"," Côte d'Ivoire","2844.2","2713.8","2651.9","2592.8","2611.2","2720.5","2773.3","2946.1","3016.9","2928.5","2850.6","2748.7","2597.9","2432.3","2490.5","2562.8","2530.6","2514.0","2608.1","2629.3","2624.0","2447.7","2664.5","2802.4","2988.2","3162.7"
"5"," Denmark","32440.1","32754.4","33420.4","33504.5","35278.3","36313.0","37078.1","38082.8","38893.6","40002.8","40867.8","41323.9","41474.9","41751.9","43186.0","44258.9","45988.8","45847.6","45523.8","42927.7","43714.9","44234.2","44106.2","44365.9","44391.9","44518.9"
"172"," Djibouti","2039.0","1913.2","1949.4","2017.9","1906.7","1987.8","1846.5","1895.8","1858.3","1910.1","1913.3","1908.2","1935.6","2075.6","2137.0","2168.8","2446.2","2519.8","2593.0","2629.0","2686.0","2770.2","2864.8","2968.1","3104.4","3216.2"
"96"," Dominica","6562.0","6684.4","6884.0","6891.1","6864.5","7029.5","7101.5","7402.9","7772.6","7557.9","7318.9","7729.3","7475.9","8074.4","7843.9","7878.0","8592.9","9027.6","9806.2","9833.3","9979.5","9973.4","9575.0","10098.1","9870.8","10095.8"
"99"," Dominican Republic","5081.4","5057.6","5476.9","5659.6","5722.8","5928.6","6295.5","6679.0","7017.6","7349.4","7663.5","7674.6","8004.2","7661.3","7481.7","8333.1","9143.8","9833.6","10150.8","10100.9","10929.1","10949.1","11078.7","11349.6","12012.2","12756.4"
"89"," Ecuador","6887.1","7118.1","7200.5","7255.9","7427.6","7459.3","7407.8","7600.9","7662.4","6993.4","6854.3","7176.1","7412.7","7470.2","7923.6","8251.5","8502.7","8539.2","9067.5","9000.8","9214.7","9769.1","10170.1","10471.2","10679.6","10536.2"
"111"," Egypt","5868.9","5886.8","6030.0","6054.2","6238.9","6437.4","6672.1","6942.4","7106.5","7383.9","7628.5","7768.0","7729.3","7809.6","7968.7","8174.5","8649.7","9140.5","9617.5","9809.9","9906.4","9813.0","9834.0","9791.1","9807.5","10064.1"
"117"," El Salvador","4412.4","4508.5","4828.8","5126.5","5397.5","5686.3","5718.0","5890.8","6071.3","6178.0","6296.0","6366.3","6459.8","6540.4","6631.0","6843.4","7125.2","7382.7","7492.1","7174.3","7265.9","7393.6","7427.9","7518.3","7585.6","7732.0"
"135"," Equatorial Guinea","1466.3","1428.3","1886.5","1987.6","1980.7","2120.3","3364.2","8618.3","9752.5","12463.6","13116.1","18243.3","23064.2","20407.8","24479.3","24478.9","37524.1","39555.9","33817.3","29356.6","20648.9","20695.4","21385.1","18145.3","16943.8","21517.2"
"179"," Eritrea","886.4","983.7","1094.9","1246.1","1512.5","1566.6","1651.8","1762.1","1770.4","1727.8","1610.7","1687.8","1668.8","1561.6","1526.2","1527.7","1475.6","1464.5","1289.6","1311.9","1312.3","1398.4","1448.8","1445.3","1468.9","1489.9"
"30"," Estonia","14616.9","13590.4","11185.8","10301.9","10372.0","11144.6","11853.0","12941.9","13709.5","13570.3","14771.0","15669.1","16727.3","17930.4","19243.5","21375.2","23387.5","24838.6","23920.5","20952.9","21049.2","22759.6","24304.2","25252.8","25923.6","26361.9"
"174"," Ethiopia","648.7","581.2","510.2","554.2","553.5","571.1","630.7","630.4","587.4","600.1","617.2","648.7","640.5","609.0","671.9","734.3","791.0","859.5","926.9","980.0","1073.6","1162.7","1231.1","1327.3","1426.6","1523.0"
"91"," Fiji","5732.1","5724.5","5668.4","5610.4","5734.6","5910.9","6282.7","6157.7","6076.0","6562.0","6705.7","7129.7","7303.3","7453.9","8015.1","7269.5","7243.8","7175.2","7336.1","7202.2","7197.2","7260.4","7290.0","7697.7","8023.4","8244.8"
"23"," Finland","27855.3","25852.5","24585.6","24126.4","25254.4","26452.6","27533.0","29409.9","30776.8","32397.4","34291.2","35312.9","35946.8","36236.7","38059.2","38867.3","40499.4","42151.9","42202.7","38952.5","39960.1","40433.8","39694.1","39146.3","38828.7","38868.1"
"21"," France","29556.3","29829.3","30215.5","29932.9","30458.4","30970.9","31439.7","32170.3","33211.7","34406.8","35431.1","35836.5","35698.8","35820.6","36621.0","37035.4","37745.7","38427.4","38306.4","36867.7","37498.5","38184.8","37742.6","37836.7","37827.1","38085.4"
"109"," Gabon","19299.0","20017.7","18466.9","18538.1","19213.8","19455.7","19430.4","20048.1","20814.1","18106.8","16126.8","16990.4","17196.4","16834.1","15547.3","16531.0","14802.4","15038.0","13955.7","14779.5","14704.3","14753.9","16271.1","17087.1","18870.1","19043.6"
"173"," Gambia","1383.1","1458.7","1466.9","1469.6","1434.4","1413.9","1407.5","1417.5","1423.2","1464.8","1497.8","1526.0","1410.1","1483.5","1538.2","1468.2","1427.7","1435.5","1501.6","1590.4","1641.0","1505.8","1538.2","1553.2","1517.0","1540.8"
"70"," Georgia","7561.0","5994.3","3590.5","2390.8","2199.3","2263.8","2553.2","3034.6","3219.5","3348.3","3407.3","3516.7","3752.9","4208.8","4553.2","5026.8","5599.4","6249.3","6363.4","6204.9","6530.3","7101.1","7810.5","8098.4","8670.2","8855.8"
"4"," Germany","31975.3","33185.5","33517.0","32921.6","33389.3","33791.0","34005.1","34512.3","35058.3","35666.8","36743.5","37236.5","37037.2","36863.7","37913.6","38272.6","40060.2","41319.4","41634.6","39904.3","41476.7","43206.0","44058.2","43187.4","44482.5","44999.6"
"139"," Ghana","1896.6","1943.7","1966.4","1998.4","2005.9","2034.9","2079.1","2117.2","2165.2","2207.9","2227.9","2293.9","2342.2","2400.3","2462.1","2573.9","2637.9","2683.3","2858.9","2923.6","3036.0","3324.2","3471.7","3725.2","3724.2","3838.7"
"29"," Greece","21581.2","22073.8","22118.7","21578.1","21916.9","22272.0","22728.9","23649.2","24405.5","24745.9","25484.8","26479.1","27324.4","28622.2","29966.1","29824.6","31188.2","31898.1","31552.9","30373.3","28757.9","25997.9","25060.7","24273.4","24688.8","24807.5"
"79"," Grenada","6808.1","7096.1","7061.6","6728.0","6838.4","6838.1","7083.3","7404.8","8183.6","8713.8","9028.1","8686.7","8882.6","9727.1","9388.9","11411.7","11012.5","11394.1","11493.9","10355.8","10602.7","10765.8","10566.7","10836.9","11172.6","11502.2"
"125"," Guatemala","5062.2","5163.2","5283.9","5363.5","5434.7","5566.0","5574.5","5683.8","5855.6","5918.4","5980.3","6021.6","6045.2","6046.9","6071.0","6120.0","6274.0","6507.0","6578.9","6431.8","6474.2","6563.4","6679.3","6807.9","6918.5","7063.2"
"183"," Guinea","1063.0","1035.4","1025.0","1035.8","1027.2","1030.3","1040.1","1059.4","1071.6","1106.0","1113.1","1126.2","1186.6","1107.8","1060.3","1068.0","1056.4","1083.7","1057.8","1047.0","1056.1","1080.5","1117.7","1111.3","1082.8","1058.2"
"178"," Guinea-Bissau","1308.6","1287.0","1306.3","1299.6","1315.4","1322.5","1345.5","1446.8","1173.2","1305.6","1277.3","1276.3","1246.5","1229.0","1236.8","1266.3","1268.1","1281.9","1290.3","1308.1","1348.8","1415.4","1328.5","1342.4","1338.6","1369.5"
"127"," Guyana","2222.1","1985.8","2462.6","3010.1","3452.6","3666.5","4230.5","4354.9","4353.8","4366.4","4471.2","4515.7","4545.3","4590.5","4831.4","4812.0","4930.3","5065.5","5284.1","5493.6","5851.1","6055.3","6369.2","6528.2","6711.5","6884.5"
"163"," Haiti","1856.4","1712.1","1486.8","1627.2","1590.8","1519.0","1679.7","1752.2","1756.3","1767.9","1759.4","1707.0","1667.1","1675.0","1603.8","1600.6","1571.5","1596.6","1586.6","1613.8","1505.9","1570.2","1597.0","1634.6","1652.1","1656.9"
"130"," Honduras","2949.2","2938.6","2996.4","3225.0","3103.0","3104.2","3159.7","3309.4","3347.5","3244.8","3358.3","3371.5","3416.0","3481.6","3607.0","3773.5","3942.9","4179.8","4297.6","4156.7","4137.4","4198.0","4242.4","4301.4","4377.5","4466.3"
"12"," Hong Kong, China (SAR)","26185.3","27235.1","28610.5","31327.4","32698.5","33170.0","33319.8","34503.0","32385.3","32579.8","34310.3","34805.9","34609.5","36478.4","39130.9","41144.7","44567.3","47449.3","49426.7","46780.2","49130.4","51453.7","51067.2","52629.5","54018.7","54264.9"
"43"," Hungary","15985.6","13874.5","13550.8","14093.0","14502.3","14647.1","14600.6","14885.8","15525.6","16052.5","16909.7","17576.1","18381.3","19259.3","20080.9","20977.6","21882.5","21661.9","22006.9","20928.3","21108.1","21504.7","21384.2","22168.9","22676.2","23394.3"
"9"," Iceland","25070.8","24726.4","23593.8","23661.9","24304.2","24200.9","25222.4","26245.7","27659.2","28464.4","29403.6","30107.1","29974.8","30584.1","32808.9","34218.5","34830.6","37184.2","37038.9","35184.8","33971.0","34540.7","34763.8","35778.2","36028.6","37065.2"
"131"," India","1750.5","1729.5","1788.0","1838.9","1925.5","2035.3","2151.9","2199.1","2292.5","2452.4","2494.8","2575.3","2633.8","2792.0","2966.5","3190.6","3430.6","3683.6","3764.6","4026.2","4358.1","4594.2","4776.3","5027.1","5329.0","5663.5"
"113"," Indonesia","4270.1","4143.7","4416.8","5125.9","5490.0","5844.0","6213.1","6391.2","5290.6","5155.4","5242.7","5261.4","5360.2","6072.6","6245.3","6495.5","6803.9","7157.0","7542.1","7791.0","8234.5","8606.6","9017.0","9392.3","9703.2","10053.3"
"69"," Iran (Islamic Republic of)","10205.9","11261.4","11459.5","11193.4","10748.7","11044.1","11295.5","11363.0","11481.1","11348.4","11893.7","12017.7","12850.1","13779.1","14161.2","14584.3","15279.4","16530.4","16506.6","16628.5","17520.4","17952.2","16595.9","16062.7","16542.5","16395.2"
"121"," Iraq","10719.8","3538.1","4390.2","6333.4","5857.1","4647.8","6750.7","7930.6","10404.1","11817.0","11786.7","11708.8","10473.5","6973.5","10472.7","10847.0","11601.0","11509.5","12482.8","12466.6","12537.9","13188.7","14461.8","14635.4","11739.7","11607.7"
"8"," Ireland","19545.5","19908.7","20290.1","20752.3","21947.3","23489.1","25606.6","27725.0","29683.2","31562.3","34311.6","34917.9","35659.9","37727.1","38764.0","40625.0","42709.6","43293.0","41714.2","37458.7","37816.3","37620.9","37824.1","39458.0","41947.2","43798.0"
"19"," Israel","17383.9","18329.7","19021.0","19087.5","19768.1","20531.9","21738.1","21977.5","22211.7","22130.4","23734.6","24122.1","23842.7","23673.4","24871.8","25767.0","26885.4","28099.4","28043.5","27689.3","28995.3","30173.3","30043.3","30688.7","31135.0","31214.7"
"26"," Italy","30354.2","30745.8","30933.7","30725.2","31330.5","32341.4","32829.8","33589.9","34089.7","34742.3","35942.1","36584.3","36569.1","36443.7","36898.8","37183.5","37903.1","38155.0","37138.4","35233.4","35664.3","35782.7","34722.2","33705.4","33331.7","33573.0"
"94"," Jamaica","7630.7","7701.0","7520.3","8608.8","8519.1","8349.1","8490.5","8350.6","8032.0","8023.7","8005.8","7974.7","7843.3","8120.6","8203.0","8207.9","8480.6","8562.9","8579.2","8052.4","8053.8","8211.2","8329.3","8273.2","8291.9","8350.0"
"17"," Japan","29742.0","30644.5","30873.1","30858.1","30993.9","31484.1","32326.1","32834.4","32095.6","31942.3","32610.7","32777.4","32779.7","33274.9","34118.7","34716.9","35457.8","36374.7","35948.4","33794.4","35342.7","35384.3","36089.3","36815.8","36967.3","37268.0"
"86"," Jordan","6279.0","5915.5","6759.2","6758.6","6778.1","6993.6","6923.7","7101.9","7274.8","7398.6","7821.5","8139.8","8376.7","8580.3","9167.4","9634.5","10074.7","10548.5","10793.9","10820.5","10353.7","10229.8","10118.0","10109.2","10126.4","10111.3"
"56"," Kazakhstan","13813.6","12312.1","11714.6","10695.0","9451.3","8806.7","8959.7","9216.6","9202.8","9365.4","9902.0","11476.9","12765.0","13776.0","14810.5","15558.8","16503.8","17546.3","17120.6","18099.8","18457.9","19071.7","19895.5","21549.0","22153.0","22093.1"
"146"," Kenya","2286.7","2234.1","2150.4","2048.4","2064.1","2130.3","2194.6","2160.1","2184.4","2171.6","2138.1","2160.4","2121.3","2124.2","2180.0","2267.3","2346.3","2438.0","2388.4","2402.0","2529.4","2623.2","2662.2","2732.6","2800.5","2880.7"
"137"," Kiribati","3163.5","2206.0","2102.6","2008.9","2058.2","2197.6","1858.2","2344.1","2706.0","2552.6","2516.3","2507.8","2479.7","2271.7","2212.9","2259.8","2288.9","2224.2","2258.4","2552.4","2556.3","2344.2","2606.4","2929.0","2442.2","2475.2"
"18"," Korea (Republic of)","12064.2","13107.0","13724.3","14439.3","15537.4","16732.6","17769.0","18578.7","17227.8","19000.5","20601.8","21384.8","22913.5","23473.1","24578.2","25339.6","26636.1","27980.8","28652.1","28651.9","30475.0","31498.1","32213.2","32911.3","33741.3","34540.6"
"51"," Kuwait","54474.6","34854.0","56707.3","73522.6","81796.5","91232.6","92375.3","95310.5","95833.1","85568.7","86625.7","81516.2","78041.7","87774.8","96507.4","102756.4","106549.0","104274.8","97087.2","84115.1","78515.8","80856.8","83049.7","80066.1","76075.2 ff","76075.2 ff"
"120"," Kyrgyzstan","3407.1","3099.7","2637.9","2222.7","1757.0","1633.3","1726.8","1843.9","1841.1","1854.9","1924.8","2048.8","2037.2","2165.6","2260.4","2256.3","2343.6","2526.5","2652.8","2697.0","2598.8","2610.1","2766.1","2975.3","3055.3","3096.8"
"138"," Lao People's Democratic Republic","1616.4","1638.2","1681.0","1732.4","1823.8","1901.5","1988.2","2038.9","2070.4","2212.9","2244.2","2342.1","2451.9","2516.5","2697.5","2887.0","2987.7","3235.2","3383.4","3643.5","3725.1","3930.4","4200.8","4500.5","4798.0","5048.6"
"44"," Latvia","15669.6","14125.0","9190.2","7938.3","8117.2","8240.1","8528.3","9395.4","10082.9","10268.0","10983.0","11878.0","12868.2","14034.2","15184.7","17064.6","18922.2","20730.0","20522.8","19430.0","18172.6","19448.6","20361.3","21258.9","22000.2","22589.2"
"76"," Lebanon","8829.0","11315.3","10510.2","10653.6","12099.7","12734.6","13085.5","12598.2","12817.3","12632.4","12572.7","12294.9","11589.8","9812.4","11824.9","12152.1","12342.5","13684.9","14629.0","15532.9","16066.1","15728.4","14961.0","13934.8","13582.4","13311.6"
"160"," Lesotho","2324.7","2222.0","2216.5","2152.3","2194.4","2115.2","2183.9","2212.9","2032.3","2073.0","2100.7","2573.8","2539.2","2574.8","2530.8","2435.3","2418.6","2437.5","2526.7","2541.0","2610.1","2844.5","2840.5","3161.3","3235.7","3318.8"
"177"," Liberia","630.3","550.3","363.8","246.5","191.7","178.1","189.0","362.3","436.7","424.7","649.7","563.0","533.6","329.0","497.6","510.9","523.1","576.7","600.2","612.3","621.5","673.4","668.7","699.7","690.9","682.6"
"102"," Libya","22855.8","25839.4","24606.1","23209.3","23191.3","22232.6","22283.3","23037.1","21870.2","21581.0","21652.1","21443.9","20936.5","23476.5","23418.8","25776.0","27810.3","28877.8","29005.5","28333.3","29142.8","11041.1","21687.9","19354.3","15360.0","14303.1"
"15"," Liechtenstein","62406.8","62732.1","64132.1","65975.6","69474.6","72440.2","76221.2","80406.4","85267.9","91239.2","94215.7","84839.5","81622.7","76926.6","76034.8","81643.6","90514.9","100242.1","97140.2","82383.1","86215.2","76894.0","68220.1","76546.2","75064.8 ff","75064.8 ff"
"37"," Lithuania","15635.8","14762.2","11664.9","9809.3","8895.5","9212.0","9690.4","10495.3","11332.4","11271.2","11849.8","12751.0","13739.4","15049.0","16305.8","17974.6","19500.9","21535.8","22400.5","20390.4","20385.2","21710.9","22962.3","24202.7","25405.0","26006.5"
"20"," Luxembourg","49269.1","53287.7","53275.9","53723.3","52981.8","54639.7","54970.2","59350.4","59581.5","62297.9","64788.5","67207.5","67762.3","65817.9","71947.3","74724.7","63830.3","73978.9","71152.4","59388.3","67631.7","63404.0","61337.3","58953.8","61011.9","62470.6"
"158"," Madagascar","1597.7","1421.4","1420.6","1413.0","1356.5","1336.4","1335.5","1359.8","1376.7","1407.9","1420.1","1466.4","1238.3","1321.1","1346.1","1371.8","1401.5","1456.7","1520.2","1411.9","1375.6","1350.1","1331.1","1324.3","1331.8","1319.7"
"170"," Malawi","1473.2","1582.2","1372.6","1510.5","1401.0","1353.8","1080.1","1553.0","1530.3","1514.8","1502.7","1379.8","797.8","822.2","844.5","851.0","867.0","927.2","969.4","1013.6","1044.3","1063.3","1041.4","1055.3","1084.9","1073.3"
"59"," Malaysia","10050.0","10645.9","11256.2","12116.1","12902.8","13835.7","14823.6","15404.8","13866.2","14141.1","14910.1","14814.5","15413.5","16161.3","16972.8","17676.5","18614.0","19599.3","19980.7","19566.7","20438.0","21348.3","21870.9","22648.0","23644.1","24619.7"
"105"," Maldives","3284.3","3320.0","3442.5","3500.7","3736.2","4216.1","4496.1","4883.9","5245.4","5545.9","5713.9","6087.6","6328.3","7059.3","7848.1","6971.8","8108.6","8571.8","9295.0","8831.5","9179.6","9714.4","9750.0","10000.5","10436.1","10382.7"
"175"," Mali","889.2","976.7","920.6","927.8","926.6","904.1","942.0","959.5","1006.3","1040.2","1013.4","1085.2","1120.8","1263.3","1149.4","1229.5","1330.0","1410.8","1501.3","1620.9","1714.0","1796.7","1931.4","2026.2","2132.2","2218.4"
"33"," Malta","15759.4","16578.9","17186.9","17787.4","18627.2","19675.4","20295.1","21216.9","22169.7","23103.3","24537.8","23440.5","23920.6","23795.2","23516.9","24224.1","24672.7","25639.0","26466.1","25531.9","26499.3","26756.6","26845.4","27368.2","28047.9","29499.6"
"0"," Marshall Islands","3681.2","3594.7","3781.1","3954.6","4143.6","4444.9","3957.7","3681.2","3561.0","3465.3","3663.5","3858.3","3960.9","3971.2","3972.1","4082.6","4159.4","4310.1","4221.8","4114.2","4274.5","4271.8","4381.9","4474.1","4421.2","4411.6"
"157"," Mauritania","2953.6","2923.9","2895.9","2979.8","2806.3","2993.1","3075.3","2864.6","2857.4","2986.1","2883.7","2852.1","2783.3","2860.5","2933.0","3088.4","3370.8","3402.2","3400.3","3354.2","3305.6","3301.0","3384.9","3507.2","3565.5","3527.3"
"64"," Mauritius","7432.2","7723.6","8104.1","8371.4","8535.7","8817.3","9114.3","9597.0","10060.7","10241.9","10973.9","11369.7","11479.8","11952.4","12460.7","12612.4","13310.8","14303.6","14805.8","15011.4","15826.6","16221.3","16686.3","17111.0","17364.0","17948.0"
"77"," Mexico","12142.5","12475.0","12686.1","12994.8","13323.9","12153.3","12678.3","13432.5","13827.3","14021.1","14539.9","14293.6","14158.9","14179.9","14655.9","14828.1","15275.6","15913.1","15919.3","14965.3","15511.8","15791.0","16127.3","15912.8","16153.9","16383.1"
"127"," Micronesia (Federated States of)","2864.4","3000.3","3040.2","3207.8","3126.8","3301.7","3175.7","2978.6","3074.3","3129.2","3283.5","3349.0","3375.0","3442.0","3338.3","3422.5","3433.7","3382.1","3314.8","3363.1","3459.6","3535.4","3554.0","3420.7","3294.0","3291.5"
"107"," Moldova (Republic of)","6595.1","5430.1","3816.6","3776.2","2591.7","2548.9","2540.9","2574.8","2400.0","2320.2","2363.8","2639.2","2855.6","3217.2","3485.9","3723.7","3916.7","3958.2","4285.5","3866.6","4255.8","4523.3","4626.2","5037.6","5248.3","5026.3"
"92"," Mongolia","4667.2","4451.3","4059.5","3758.5","3941.8","4268.5","4330.6","4466.2","4637.4","4713.8","4607.8","4656.8","4878.3","5127.9","5800.8","5944.2","6412.2","6894.7","7358.8","7081.7","7084.0","8169.2","9033.6","10158.5","10493.5","10449.2"
"48"," Montenegro","13820.1","12311.9","9396.3","5947.7","6024.3","6882.2","8791.3","9392.7","9854.8","9060.3","10393.9","10406.1","10658.0","10933.2","11328.5","11326.5","12346.2","13567.4","14525.2","13501.1","13683.8","14329.9","14050.7","14577.0","14731.5","15409.6"
"123"," Morocco","3789.2","3978.8","3838.1","3724.0","4073.3","3776.0","4215.1","4088.6","4355.0","4352.5","4379.8","4655.4","4765.9","5009.3","5217.2","5362.4","5701.8","5851.1","6137.2","6247.1","6405.5","6633.1","6716.6","6980.3","6985.2","7194.9"
"181"," Mozambique","360.0","370.7","331.8","348.3","355.3","355.1","443.4","480.6","520.4","548.5","535.0","581.2","571.8","646.0","666.8","701.6","725.6","767.8","803.2","858.1","883.6","938.1","988.6","1028.7","1065.9","1098.4"
"145"," Myanmar","744.7","728.4","789.6","826.9","878.5","927.8","975.9","1017.5","1021.2","1118.5","1257.2","1384.6","1535.4","1731.5","1949.3","2196.0","2465.0","2741.9","3003.4","3298.2","3604.4","3780.2","4019.9","4314.1","4659.9","4943.1"
"125"," Namibia","5788.1","6131.2","6224.7","6005.1","5920.8","6092.6","5998.5","6054.9","6112.2","6011.3","6159.2","6076.8","6342.0","6739.6","7267.5","7177.8","7646.5","7942.4","8039.3","7905.0","8063.1","8393.2","8488.0","9077.7","9473.5","9769.8"
"0"," Nauru","24550.1","19461.8","15966.4","13169.4","12457.5","11371.7","9927.2","9010.9","8030.2","7396.1","7030.0","6349.5","5775.1","6149.8","5086.0","5433.5","3250.7","4160.9","7945.6","6070.1","7154.6","8052.4","9209.7","11253.3","13398.1","12058.3"
"144"," Nepal","1168.4","1209.7","1226.1","1239.8","1307.3","1322.3","1350.2","1393.1","1409.3","1460.8","1526.5","1592.9","1562.2","1600.8","1651.0","1697.6","1743.2","1788.6","1878.0","1947.5","2012.1","2053.4","2131.9","2189.4","2288.2","2337.1"
"7"," Netherlands","32271.7","32902.1","33118.8","33483.9","34440.5","35546.8","36691.2","37854.1","38830.6","41218.1","42840.6","42552.3","42430.5","42879.2","43751.2","43990.6","46223.9","47572.3","46582.4","45487.2","46219.4","47236.7","46668.3","46264.4","45702.3","46325.6"
"13"," New Zealand","22299.3","21174.1","21131.1","21947.7","22830.5","23601.1","23876.8","24501.5","24812.0","25681.8","26309.4","27210.4","28063.5","28855.4","29229.9","29632.2","30058.9","30447.1","29769.0","30316.7","30087.8","30798.9","31607.3","31842.2","32397.7","32870.1"
"124"," Nicaragua","2966.2","2370.2","2221.1","2217.7","2486.1","2682.1","2850.4","2959.9","3084.9","3250.1","3336.7","3365.7","3365.5","3414.3","3566.2","3707.7","3753.5","3934.8","4009.0","3828.2","3912.7","4113.9","4268.8","4418.6","4583.1","4746.7"
"187"," Niger","814.4","805.7","775.2","762.8","748.1","740.4","759.9","735.2","802.8","783.3","735.7","763.9","772.7","771.3","741.4","768.8","786.0","780.7","821.3","782.5","814.7","801.3","850.7","856.1","885.8","889.5"
"152"," Nigeria","2742.6","2666.8","2574.4","2455.3","2486.4","2529.0","2624.4","2645.8","2615.3","2327.4","2378.1","2606.2","2612.1","2791.4","3614.7","3605.8","4193.9","4194.1","4317.4","4451.0","4834.5","4940.5","5035.1","5173.3","5443.4","5442.9"
"1"," Norway","42189.6","43118.9","44892.7","45811.4","48143.0","50102.6","52382.6","54893.5","55982.5","56834.0","57957.1","59648.0","60292.3","60657.3","62457.1","64229.6","64598.2","65553.7","64880.0","63675.7","63597.0","63326.9","64145.0","64134.7","66938.2","67614.4"
"52"," Oman","35405.0","35970.9","36840.8","37897.8","37478.8","38708.6","39113.0","41556.2","42234.7","41717.8","43821.2","45235.4","43257.3","41596.8","41275.4","40688.9","39188.4","39764.0","44932.2","45436.9","44371.4","39892.5","38595.3","37354.1","35235.8","34402.3"
"147"," Pakistan","3193.9","3202.3","3314.6","3277.0","3297.8","3393.5","3430.7","3364.4","3362.5","3406.5","3458.5","3450.3","3554.9","3748.5","3907.4","4115.9","4270.0","4380.0","4372.7","4432.2","4460.2","4516.5","4602.7","4703.6","4847.5","5031.2"
"60"," Palau","11659.8","12557.3","11434.8","10134.0","9992.0","11139.7","12053.7","12030.3","11635.1","11231.2","12594.0","13100.1","13603.5","13926.8","13695.2","13572.5","14407.4","14029.6","13712.5","12806.0","11983.6","12358.5","12712.3","12884.5","12707.6","13770.8"
"114"," Palestine, State of","2893.3","2638.6","3153.9","3328.3","3067.1","3157.0","3208.7","3845.5","4871.8","5601.0","4707.1","4141.6","3917.4","4180.9","4385.8","4829.2","4547.2","4397.5","3915.9","4489.1","4439.2","4668.3","5219.4","4913.9","4815.7","5256.5"
"60"," Panama","7973.1","8648.8","9125.7","9305.2","9302.2","9378.9","9376.9","9835.2","10405.9","10692.0","10707.1","10553.5","10347.9","10911.2","11647.8","12268.3","11632.7","13222.1","14086.0","13817.3","13994.1","15832.6","17155.4","17951.0","18700.0","19470.2"
"154"," Papua New Guinea","1538.0","1643.7","1825.3","2104.0","2173.0","2047.6","2149.3","2011.9","1885.7","1871.1","1777.9","1731.0","1685.3","1679.5","1683.3","1746.9","1744.2","1824.7","1899.8","1970.3","2073.8","2244.7","2374.2","2452.8","2607.0","2711.8"
"110"," Paraguay","5783.1","5728.5","5622.8","5722.4","5770.9","5967.1","6280.4","6199.9","6053.1","5839.3","5315.4","5207.2","5217.2","4825.8","5053.1","5131.8","5538.7","6096.1","6481.3","6037.3","6780.8","7122.1","6815.0","7757.5","8085.7","8181.7"
"87"," Peru","5165.5","5085.2","4962.2","5077.1","5617.4","5905.9","6048.8","6359.1","6304.3","6308.0","6360.0","6353.6","6583.3","6710.9","6830.3","7078.1","7341.3","7900.1","8623.9","8635.0","9150.4","9566.4","10163.9","10761.6","10956.1","11294.8"
"116"," Philippines","3962.1","3888.4","3865.4","3874.9","3995.5","4097.1","4271.8","4458.5","4695.9","4720.5","4976.2","5046.7","5147.3","5471.0","5746.8","6035.7","6228.2","6504.4","6744.5","7059.2","7510.6","6892.7","7268.2","7751.8","8057.4","8395.1"
"36"," Poland","9613.6","8915.3","9020.3","9401.0","10199.2","10833.6","11590.6","12438.0","13081.8","13679.3","14455.5","14704.9","14966.0","15390.4","15879.2","16700.7","17674.0","18768.5","19733.8","20040.0","20753.0","21788.1","22160.9","22474.7","23176.8","24117.0"
"41"," Portugal","20222.9","21198.3","21543.9","21095.2","21180.9","22144.0","22736.6","23466.9","24429.4","25238.4","25655.9","25942.1","26061.3","25847.9","26189.7","26331.5","26251.7","26847.9","26678.6","25899.8","26467.3","26413.5","25322.5","25447.7","25736.6","26103.6"
"33"," Qatar","75260.0","72623.1","80106.3","78650.8","79273.8","80229.6","79025.7","99775.8","106601.9","106692.5","109653.3","107912.8","111172.1","112766.3","116085.5","103643.4","117192.3","115814.3","114478.8","109218.4","116232.5","123635.6","124505.9","126638.6","129076.6 ff","129915.6 ff"
"50"," Romania","11163.9","9845.7","9028.7","9161.3","9546.3","10229.0","10637.9","10147.6","9927.7","9900.5","10200.6","10931.1","11666.5","12247.0","13092.5","13887.2","15018.6","16253.7","18067.1","17125.9","17099.6","17332.9","17510.5","18102.5","18895.5","19427.6"
"49"," Russian Federation","20600.6","19504.1","16528.0","15119.1","13313.2","12714.8","12216.0","12325.9","11454.8","12234.6","13678.0","14634.1","15328.8","16342.0","17730.8","18871.9","20372.5","22308.9","23329.1","21455.3","22423.9","23359.5","24094.3","24258.1","24067.0","23286.1"
"159"," Rwanda","846.6","846.2","944.4","922.2","483.5","668.7","721.3","770.2","773.4","775.8","792.3","825.6","916.4","909.6","957.3","1008.3","1075.8","1132.6","1221.1","1262.1","1318.4","1384.5","1463.2","1488.2","1552.8","1616.9"
"74"," Saint Kitts and Nevis","14117.2","13585.6","13854.7","14640.0","15238.9","16090.2","16624.1","17460.4","16880.0","17174.7","17821.7","18368.4","18338.8","17299.9","18151.3","19817.4","21004.1","21448.2","22030.6","20517.2","19732.6","19850.6","19536.6","20505.6","21691.2","22436.5"
"92"," Saint Lucia","8484.3","8373.0","8963.3","8784.2","8866.7","8795.0","9296.8","9110.4","9601.0","9847.8","9720.6","9016.0","9207.8","9382.0","9787.7","9599.7","10406.1","10448.7","10751.8","10898.8","10415.7","10376.1","9824.4","9707.8","9692.9","9791.4"
"99"," Saint Vincent and the Grenadines","5314.8","5381.2","5829.0","6076.0","5917.0","6392.1","6555.3","6704.6","6990.5","7068.9","7190.4","7384.3","7841.2","8328.8","8592.6","8818.6","9597.4","9511.6","10151.0","10069.8","9737.2","9682.7","9953.4","10177.1","10233.5","10372.4"
"104"," Samoa","3516.6","3410.4","3372.8","3476.7","3356.6","3551.8","3781.9","3786.0","3851.5","3918.0","4168.5","4433.6","4599.4","4777.7","4967.4","5141.3","5209.4","5503.3","5522.4","5221.0","5208.6","5468.3","5447.6","5300.5","5323.2","5371.5"
"0"," San Marino","47912.5","47971.3","47648.5","51023.0","53776.9","57965.3","60025.1","62319.7","65375.2","68651.1","68528.8","70818.2","71632.8","74179.4","75950.6","75845.4","78431.1","80948.6","79894.1","67401.0","65479.6","58775.0","49566.4","50815.2","49782.5","50063.3"
"142"," Sao Tome and Principe","1973.2","1910.5","1884.1","1855.5","1868.7","1847.5","1876.6","1850.9","1839.6","1901.8","2076.3","2099.1","2102.7","2190.8","2223.5","2328.1","2484.6","2509.7","2656.5","2703.7","2763.9","2834.9","2901.2","2958.0","3024.9","3069.8"
"38"," Saudi Arabia","45280.3","49651.2","49567.9","47077.0","45262.5","44584.3","44446.9","43911.6","44177.6","41412.3","41930.6","40048.0","38153.0","41048.6","43168.0","44375.1","44485.8","44382.3","46095.7","44156.7","44764.1","48160.7","49563.2","49843.4","50641.3","51320.1"
"162"," Senegal","1787.1","1721.2","1718.7","1639.0","1600.2","1830.7","1897.6","1841.1","1962.7","1983.9","1898.7","1983.4","1950.0","1978.5","2043.9","2091.4","2035.7","2103.9","2143.6","2124.4","2164.1","2134.0","2157.6","2142.3","2187.0","2250.1"
"66"," Serbia","14465.3","13287.0","9620.2","6626.3","6790.7","7171.7","7351.6","7904.3","8096.2","7116.1","7740.7","8145.5","8136.2","8369.0","9409.9","10048.3","10513.1","11438.1","12156.0","11990.5","12026.2","12286.6","12073.4","12353.2","12190.4","12202.1"
"63"," Seychelles","13136.7","13355.3","14131.5","14789.7","14430.6","14049.4","14525.6","16073.3","17086.6","17067.9","17172.4","16767.7","16464.6","15663.7","15272.6","16567.6","17761.8","19512.9","18671.8","18393.0","18951.7","20991.1","22160.2","23083.3","23457.6","23886.1"
"179"," Sierra Leone","1402.3","1429.9","1163.0","1189.7","1177.2","1088.9","1109.3","1041.3","1050.3","1011.2","1048.8","937.1","1129.2","1175.2","1193.4","1195.8","1220.5","1282.7","1319.9","1350.6","1391.4","1445.3","1625.9","1915.9","1960.5","1529.2"
"5"," Singapore","34317.3","35441.8","37436.4","39630.5","43668.2","45751.5","47306.4","51412.8","48927.8","50555.9","52784.0","50694.0","50477.7","50896.6","52210.6","54871.9","60099.4","64201.0","62881.3","60969.2","71538.6","73524.2","73362.0","75608.2","77537.9 ff","78162.3 ff"
"40"," Slovakia","14318.8","12142.7","11302.2","11419.7","12099.7","12936.4","13826.1","14547.8","15112.0","14982.6","15169.6","15758.4","16404.8","16497.4","17549.6","18904.1","20450.7","22657.6","24190.7","23114.9","24493.9","24308.0","25080.6","25598.6","25898.6","26763.6"
"25"," Slovenia","18775.3","17094.6","16171.8","16660.4","17585.7","18422.2","19056.4","19968.6","20595.3","21690.0","22540.4","23238.8","23940.2","24561.3","25511.9","26578.3","27867.9","29308.7","29974.1","27744.2","28094.4","28297.6","27472.8","27219.1","28088.7","28664.2"
"156"," Solomon Islands","1359.8","1401.4","1535.2","1551.5","1646.8","1732.7","1711.9","1640.9","1624.8","1573.3","1312.8","1176.1","1113.3","1155.2","1181.4","1215.0","1268.6","1330.0","1392.3","1297.2","1356.6","1499.3","1536.3","1550.1","1541.8","1560.9"
"0"," Somalia","427.6","435.5","384.9","386.1","302.5","299.4","305.8","288.8","285.9","284.8","284.0","284.1","285.8","287.9","289.0","290.1","289.5","289.6","289.9","290.3","290.9","291.6","292.4","293.1","293.6","293.6"
"119"," South Africa","9987.1","9795.7","9428.4","9371.9","9489.6","9565.6","9731.6","9759.6","9564.8","9558.0","9719.3","9709.5","10008.9","10150.4","10548.2","10953.3","11408.1","11691.6","11910.0","11652.3","11837.8","11977.5","12037.5","12126.4","12112.5","12087.2"
"181"," South Sudan","","","","","","","","","","","","","","","","","","","2802.8","3280.9","2958.3","2227.3","2058.0","2144.8","2046.1","1882.5"
"27"," Spain","23943.5","24508.3","24621.9","24427.0","24489.6","25558.8","26099.0","27005.7","28051.3","29164.2","30512.9","31137.0","31492.0","32009.0","32422.1","32889.6","33587.5","33977.1","33727.1","32506.0","32507.3","31966.1","31432.1","31080.9","31604.8","32778.5"
"73"," Sri Lanka","3639.5","3753.9","3891.9","4121.7","4283.1","4460.0","4576.2","4857.2","5051.3","5214.3","5481.4","5361.0","5540.3","5859.4","6128.2","6447.6","6880.6","7313.5","7598.3","7894.3","8468.6","9121.8","9804.3","9999.3","10395.7","10788.9"
"165"," Sudan","1602.4","1569.7","1664.7","1714.4","1727.5","1792.2","1894.8","2054.8","2078.1","2068.2","2084.1","2143.2","2231.8","2297.3","2309.5","2435.9","2650.9","2846.6","2989.2","2998.0","2993.6","3335.5","3675.2","3701.3","3756.4","3846.4"
"97"," Suriname","10133.1","10486.2","9829.4","8290.0","9487.8","9284.1","9375.2","9527.3","9743.4","9335.6","9400.8","8936.6","10067.6","10680.3","11507.1","12074.4","12636.0","13416.2","13907.7","14098.5","14278.7","14223.6","14867.3","15420.1","15786.2","16018.0"
"148"," Swaziland","6647.1","6622.1","6697.7","6590.5","6323.8","6889.0","7208.4","7277.8","7005.6","7212.2","7003.7","7405.9","6955.3","6879.5","7221.5","7865.4","7513.1","7733.5","7662.7","7453.9","7149.8","7227.6","7330.2","7432.0","7503.3","7521.8"
"14"," Sweden","30166.9","29305.8","28229.3","27248.4","28857.9","29905.8","30374.8","31265.5","32942.9","35135.2","36826.4","37309.3","38029.9","39363.3","40443.1","41744.6","43890.7","45577.6","45189.4","41877.0","44160.9","45015.6","44670.6","44734.6","44801.8","46250.8"
"2"," Switzerland","47637.7","46662.0","46006.4","45739.8","45611.3","45899.4","46086.0","47816.6","49276.2","50216.8","52331.1","51437.4","50556.7","52159.0","53070.8","55433.8","56794.1","54886.5","51536.5","54272.9","57463.7","55078.7","55786.0","55930.6","55744.7","56364.0"
"149"," Syrian Arab Republic","3431.0","3588.1","3975.0","4076.3","4428.6","4612.3","4821.2","5035.7","5122.4","4827.6","4680.1","4784.6","5065.7","5028.6","5285.8","5427.1","5617.3","5785.8","5819.2","6039.0","6174.0","5854.0","4667.6","3631.8","2905.5","2440.6 uuu"
"129"," Tajikistan","3629.6","3297.1","2296.1","1866.7","1426.7","1211.2","970.0","1024.2","1060.9","1081.3","1134.0","1227.4","1334.6","1438.5","1586.0","1663.0","1747.9","1866.1","1989.5","2012.0","2095.8","2215.9","2327.5","2445.7","2551.7","2600.6"
"151"," Tanzania (United Republic of)","1416.5","1406.5","1365.8","1340.9","1323.1","1341.1","1380.6","1386.2","1408.6","1442.5","1471.2","1491.1","1589.8","1640.2","1717.3","1798.3","1862.6","1935.7","1983.9","2027.6","2088.9","2190.0","2214.6","2314.2","2395.0","2466.9"
"87"," Thailand","6564.9","7030.7","7468.9","8064.2","8625.7","9222.3","9583.2","9170.9","8292.9","8656.5","9042.0","9171.6","9554.0","10069.2","10573.9","10926.7","11512.3","12143.0","12362.3","12223.4","12976.5","13354.4","13992.9","14095.0","14169.1","14518.6"
"82"," The former Yugoslav Republic of Macedonia","9509.8","9007.7","8256.5","7764.9","7722.4","7679.9","7731.2","7777.6","7978.0","8220.3","8548.8","8338.8","8400.2","8558.4","8991.7","9288.9","9878.6","10047.6","10964.8","10958.4","11230.1","11433.5","11317.2","11602.6","12051.6","12405.2"
"133"," Timor-Leste","2253.2","2418.5","2604.5","2802.2","2910.1","3064.9","3523.9","3894.0","3884.6","1971.7","2274.1","2327.0","2506.1","2019.0","1956.0","2320.7","3412.8","4679.6","7068.2","5460.9","6064.8","7561.6","7628.2","6399.1","5292.0","5371.2 sss"
"166"," Togo","1285.2","1243.6","1168.7","966.2","1052.0","1126.9","1213.4","1352.8","1292.6","1277.3","1238.0","1185.3","1152.2","1178.5","1168.4","1152.5","1166.9","1166.9","1059.4","1063.8","1064.9","1068.5","1114.7","1159.9","1230.7","1262.2"
"101"," Tonga","3681.2","3911.1","3916.1","4057.8","4252.2","4400.4","4387.8","4366.0","4465.7","4617.1","4748.3","4892.6","5030.5","5108.0","5115.2","5163.3","5075.1","4811.7","4898.9","4924.0","5102.9","5183.8","5193.4","5036.6","5122.8","5284.4"
"65"," Trinidad and Tobago","10854.5","10914.6","10691.6","10733.7","10978.8","11401.8","12050.2","13412.6","14650.6","15758.9","16567.1","17638.4","19108.5","21365.2","23709.8","24440.5","27268.3","28965.0","29957.7","28506.5","28336.1","26016.7","25788.6","27701.7","27759.7","28049.1"
"97"," Tunisia","5503.0","5551.1","5838.2","5810.5","5885.5","5966.8","6260.6","6579.5","6835.9","7158.6","7386.5","7610.7","7634.6","7943.8","8343.9","8454.5","8856.7","9288.4","9535.2","9829.7","10077.7","9722.6","10034.0","10140.7","10270.1","10248.6"
"71"," Turkey","10494.4","10383.2","10742.2","11394.6","10586.7","11317.1","11998.4","12707.3","12833.8","12190.3","12814.5","11781.3","12400.6","12883.5","13953.2","14975.6","15811.1","16380.8","16284.8","15267.3","16482.4","17630.0","17702.8","18074.3","18311.8","18704.5"
"111"," Turkmenistan","7545.2","6998.6","5783.1","5708.2","4601.3","4175.7","4372.3","3812.8","4028.4","4636.0","4833.1","4987.3","4947.5","5056.6","5254.2","5875.6","6447.0","7076.6","8018.9","8403.1","9061.5","10261.9","11254.9","12244.0","13334.4","14025.8"
"0"," Tuvalu","3480.0","3584.9","3665.9","3797.8","4170.1","3944.7","3694.7","4049.5","4659.1","4566.7","4500.8","4549.2","4877.6","4685.5","4595.3","4399.7","4476.3","4744.9","5111.2","4874.6","4732.4","5123.6","5124.2","5182.3","5276.3","5394.6"
"163"," Uganda","759.1","775.7","766.8","816.6","841.5","914.1","970.1","994.6","1014.1","1061.9","1045.0","1050.0","1115.8","1150.3","1180.2","1210.5","1302.8","1373.4","1445.7","1500.9","1527.2","1621.5","1631.9","1641.8","1649.7","1670.2"
"84"," Ukraine","10815.1","9849.8","8645.9","7239.3","5706.7","4999.4","4553.9","4457.9","4375.8","4373.9","4663.8","5221.1","5566.7","6160.2","6951.3","7196.9","7734.7","8399.5","8697.2","7350.5","7738.4","8089.2","8181.1","8199.0","8150.6","7361.0"
"42"," United Arab Emirates","104615.2","98607.9","95723.0","95590.5","100383.2","105331.3","105661.2","107865.9","104034.8","102564.7","108790.9","107504.8","100813.3","101875.1","102257.5","96124.3","92059.0","82653.9","72878.2","61790.4","57386.8","57612.3","60114.4","62131.6","64661.4","66203.3"
"16"," United Kingdom","26581.1","26169.3","26229.0","26850.8","27878.3","28493.2","29182.2","30017.1","30971.8","31788.9","33131.7","34032.5","34952.3","35970.7","36707.3","37763.3","38000.6","38654.3","37884.0","36026.7","36635.2","37053.0","36791.0","36946.9","37392.7","37930.8"
"10"," United States","37369.1","36821.4","37591.6","38114.1","39115.7","39722.8","40760.9","42033.3","43360.8","44910.2","46266.9","46318.3","46689.5","47655.9","49074.1","50239.8","50972.8","51582.6","51094.8","49189.9","50176.7","50696.0","51370.8","51770.8","52548.2","53245.1"
"54"," Uruguay","9492.3","9892.5","10659.6","10881.6","11560.8","11342.2","11912.4","12921.7","13413.3","13172.3","12858.5","12337.6","11485.5","11032.8","11565.3","12623.6","13209.0","14036.7","14871.6","15394.9","16446.8","17296.3","17925.2","18637.6","19117.5","19148.1"
"105"," Uzbekistan","3001.6","2922.0","2540.7","2437.3","2267.4","2208.0","2197.1","2253.0","2324.4","2390.9","2432.4","2497.6","2573.5","2659.3","2853.0","3024.9","3184.1","3626.6","3963.8","4077.0","4308.5","4585.7","4837.5","5212.6","5510.7","5748.2"
"134"," Vanuatu","2596.0","2458.5","2294.7","2292.2","2267.9","2366.2","2410.9","2440.5","2495.8","2593.0","2595.0","2558.6","2378.4","2384.7","2409.4","2441.5","2634.0","2683.8","2945.0","2874.4","2836.9","2829.1","2713.7","2872.0","2892.3","2804.7"
"71"," Venezuela (Bolivarian Republic of)","14359.5","15482.7","15793.7","15508.0","14759.9","15131.3","14786.4","15313.7","15116.9","14101.8","14373.0","14524.8","12803.9","11612.7","13384.0","14802.8","16194.0","17743.4","18131.6","17019.4","16355.3","16619.2","17223.4","17152.0","16259.6","15128.6"
"115"," Viet Nam","1410.5","1483.5","1613.1","1706.6","1848.2","2019.8","2163.6","2297.7","2392.5","2481.3","2615.2","2744.1","2878.0","3042.2","3226.7","3422.5","3609.2","3801.0","3965.3","4078.9","4314.1","4512.6","4707.1","4898.8","5098.3","5334.5"
"168"," Yemen","3148.6","3184.4","3270.4","3229.9","3285.6","3327.9","3357.1","3421.5","3523.5","3556.3","3672.0","3705.2","3743.5","3775.2","3815.3","3916.1","3927.4","3944.9","3989.0","4039.7","4060.9","3356.7","3350.0","3400.4","3295.1","2300.3"
"139"," Zambia","2136.2","1976.3","1924.4","2051.7","1854.4","1861.7","1938.7","1956.6","1887.1","1952.6","1985.7","2044.7","2092.9","2197.4","2209.5","2277.9","2350.0","2425.1","2629.4","2941.7","3019.9","3178.0","3412.3","3425.6","3460.3","3463.7"
"154"," Zimbabwe","2438.0","2492.5","2202.7","2190.0","2333.2","2287.7","2501.1","2503.2","2504.8","2480.1","2374.5","2404.1","2188.6","1813.7","1680.6","1573.8","1489.6","1400.8","1107.0","1224.2","1302.4","1398.3","1513.1","1545.8","1565.0","1587.7"
"o: Estimated using the PPP rate and projected growth rate of Spain.sss: HDRO estimate based on data from World Bank (2016) and United Nations Statistics Division (2016).ttt: Based on a cross-country regression and the projected growth rate from UNECLAC (2016)ff: For the purpose of calculating the HDI value, GNI per capita is capped at $75,000.uuu: Based on projected growth rates from UNESCWA (2016) and World Bank (2016)"